{"timestamp": "2026-04-10T02:07:01.837820", "label": "start", "ee_pose": {"x_mm": 471.487, "y_mm": 501.599, "z_mm": 560.28}, "markers": {"marker_2": {"x": -0.05231083817025906, "y": -0.03514941659977578, "z": 0.4837106592146804, "std_x": 0.00041073156460917165, "std_y": 0.0002981921339949265, "std_z": 0.003843014855159351, "stable": true}, "marker_1": {"x": -0.12431040264740592, "y": -0.034479889354180504, "z": 0.48131554447054803, "std_x": 0.0, "std_y": 0.0, "std_z": 0.0, "stable": true}, "marker_3": {"x": 0.0032554720370594143, "y": -0.025382969487463238, "z": 0.46975988873586405, "std_x": 0.0, "std_y": 0.0, "std_z": 0.0, "stable": true}, "marker_4": {"x": 0.05585929139692989, "y": 0.008312809243974208, "z": 0.4661954560430459, "std_x": 0.0, "std_y": 0.0, "std_z": 0.0, "stable": true}, "marker_0": {"x": -0.18316452540319766, "y": -0.02595074376472665, "z": 0.47582138589003026, "std_x": 0.0022796126597141014, "std_y": 0.0004260160045635582, "std_z": 0.005931313141895941, "stable": true}}, "stability_reached": true, "stability_elapsed_sec": 0.685}
