{"timestamp": "2026-04-10T02:31:34.498016", "label": "start", "ee_pose": {"x_mm": 471.701, "y_mm": 501.58, "z_mm": 560.567}, "markers": {"marker_4": {"x": 0.13167546682276324, "y": 0.010954581767348537, "z": 0.4723276427937784, "std_x": 5.551115123125783e-17, "std_y": 0.0, "std_z": 1.1102230246251565e-16, "stable": true}, "marker_3": {"x": 0.06702348003869846, "y": -0.016657073161094837, "z": 0.4646113704769392, "std_x": 1.3877787807814457e-17, "std_y": 3.469446951953614e-18, "std_z": 1.1102230246251565e-16, "stable": true}, "marker_2": {"x": 0.012279332272990063, "y": -0.022197546630904022, "z": 0.4602885184855221, "std_x": 0.0001949010837338906, "std_y": 0.0002232461160395875, "std_z": 0.0037039676867644477, "stable": true}, "marker_0": {"x": -0.12433820039984951, "y": -0.024412222694340926, "z": 0.4849399569146439, "std_x": 0.0013487411623803512, "std_y": 0.0003057064576891532, "std_z": 0.005864288330378554, "stable": true}, "marker_1": {"x": -0.05530168629425356, "y": -0.023034354820501136, "z": 0.4728217259978465, "std_x": 0.0005397647245079899, "std_y": 0.0002956568339362154, "std_z": 0.005604204811050203, "stable": true}}, "stability_reached": true, "stability_elapsed_sec": 50.64}
