{"timestamp": "2026-04-08T02:03:52.721482", "label": "start", "ee_pose": {"x_mm": 473.325, "y_mm": 497.986, "z_mm": 558.142}, "markers": {"marker_0": {"x": -0.06401945342784729, "y": -0.09298533463405867, "z": 0.5046615548762672, "std_x": 0.00019311456535436327, "std_y": 0.0004254218727844742, "std_z": 0.0023216852454646165, "stable": true}, "marker_1": {"x": 0.015554973086865757, "y": -0.03466989556826576, "z": 0.5193780321281276, "std_x": 0.0, "std_y": 0.0, "std_z": 0.0, "stable": true}, "marker_3": {"x": 0.16511214324422085, "y": 0.009669665536251159, "z": 0.5024031069941548, "std_x": 0.0015771389746389094, "std_y": 0.00021630446496519098, "std_z": 0.004606970477092983, "stable": true}, "marker_4": {"x": 0.24762558025698972, "y": -0.015144472891991084, "z": 0.503896771129927, "std_x": 0.0, "std_y": 0.0, "std_z": 0.0, "stable": true}, "marker_2": {"x": 0.08884813783284336, "y": 0.0034644294980562, "z": 0.5043653258018147, "std_x": 0.0008375779345861355, "std_y": 0.00016220218061766152, "std_z": 0.004963880851760651, "stable": true}}, "stability_reached": true, "stability_elapsed_sec": 8.305}
