{
  "frame_shape": {
    "width": 640,
    "height": 480
  },
  "detected_markers": [
    4,
    3,
    1
  ],
  "marker_4": {
    "x": 0.18660930011499957,
    "y": -0.08266185961184314,
    "z": 0.4608140695988595
  },
  "marker_3": {
    "x": 0.11541481020221721,
    "y": -0.0983214230268554,
    "z": 0.4352262643214748
  },
  "marker_1": {
    "x": -0.014426013098914765,
    "y": -0.10760374391141389,
    "z": 0.4539190029374539
  }
}